Year,Month,Export_Quantity_(Kg),Export_Price_(Rs.),High_Grown_Quantity_(Kg),Medium_Grown_Quantity_(Kg),Low_Grown_Quantity_(Kg),Avg_Exchange_Rate,FEE_(USD),High_Grown_Quantity_t-1,Medium_Grown_Quantity_t-1,Low_Grown_Quantity_t-1,High_Grown_Quantity_t-2,Medium_Grown_Quantity_t-2,Low_Grown_Quantity_t-2,Exported_Quantity_t-1,Export_Price_t-1,Exported_Quantity_t-2,Export_Price_t-2,Avg_Exchange_Rate_t-1,Avg_Exchange_Rate_t-2,Exported_to_Production_Ratio,Export_Price_Change
2012,3,27702254.0,536.71,6385525.09,4625138.9,17929328.0,200.0,74340383.7217,5538399.31,3955745.75,13133213.0,5361185.05,3652353.15,14348315.9,22448624.0,509.15,21824945.0,497.66,114.10204166666664,113.94206904761904,0.9572308800075794,0.05412943140528343
2012,4,23290994.0,540.91,7323011.0,5748401.2,16982493.5,200.0,62991657.8227,6385525.09,4625138.9,17929328.0,5538399.31,3955745.75,13133213.0,27702254.0,536.71,22448624.0,509.15,200.0,114.10204166666664,0.7749739495589087,0.007825455087477281
2012,5,30004885.0,567.32,8726319.7,5898297.1,18086627.25,200.0,85111856.79100001,7323011.0,5748401.2,16982493.5,6385525.09,4625138.9,17929328.0,23290994.0,540.91,27702254.0,536.71,200.0,200.0,0.9172651750614176,0.04882512802499507
2012,6,22804265.0,553.03,5963710.45,3842289.7,16737376.0,130.3009,96787072.63687356,8726319.7,5898297.1,18086627.25,7323011.0,5748401.2,16982493.5,30004885.0,567.32,23290994.0,540.91,200.0,200.0,0.8591320437584953,-0.025188606077698787
2012,7,25761299.0,555.55,4064094.35,3429525.6,17506502.0,200.0,71558448.29724999,5963710.45,3842289.7,16737376.0,8726319.7,5898297.1,18086627.25,22804265.0,553.03,30004885.0,567.32,130.3009,200.0,1.0304469334798585,0.004556714825597132
2012,8,21064283.0,561.75,5372381.95,4358458.0,16139942.0,200.0,59164304.87625,4064094.35,3429525.6,17506502.0,5963710.45,3842289.7,16737376.0,25761299.0,555.55,22804265.0,553.03,200.0,130.3009,0.8142112998637059,0.011160111601116095
2012,9,30620887.0,570.06,4906061.7,3517426.01,19011266.1,132.2338,132006664.28114444,5372381.95,4358458.0,16139942.0,4064094.35,3429525.6,17506502.0,21064283.0,561.75,25761299.0,555.55,200.0,200.0,1.116134929151019,0.014793057409879743
2012,10,24246574.0,576.88,5860294.5,4052676.95,17499597.0,128.57875,108784411.1808522,4906061.7,3517426.01,19011266.1,5372381.95,4358458.0,16139942.0,30620887.0,570.06,21064283.0,561.75,132.2338,200.0,0.8845057348137694,0.011963652948812494
2012,11,26691110.0,578.85,7434168.5,5325504.6,17875049.0,130.8749,118052804.8044354,5860294.5,4052676.95,17499597.0,4906061.7,3517426.01,19011266.1,24246574.0,576.88,30620887.0,570.06,128.57875,132.2338,0.8712698588507842,0.0034149216474830594
2012,12,29741744.0,561.72,6707435.15,4227311.7,16871608.5,200.0,83532662.1984,7434168.5,5325504.6,17875049.0,5860294.5,4052676.95,17499597.0,26691110.0,578.85,24246574.0,576.88,130.8749,128.57875,1.0696023849813887,-0.02959315884944285
2013,1,21545846.0,570.53,5516583.1,3454917.85,14769561.5,127.03815,96762677.34046818,6707435.15,4227311.7,16871608.5,7434168.5,5325504.6,17875049.0,29741744.0,561.72,26691110.0,578.85,200.0,130.8749,0.9075350374641722,0.01568397066153946
2013,2,21258206.0,588.62,6146601.26,3948221.15,15087812.0,200.0,62565026.0786,5516583.1,3454917.85,14769561.5,6707435.15,4227311.7,16871608.5,21545846.0,570.53,29741744.0,561.72,127.03815,200.0,0.8441613237874107,0.031707359823322234
2013,3,26208712.0,592.03,7802550.5,5582222.95,19361765.75,200.0,77581718.82679999,6146601.26,3948221.15,15087812.0,5516583.1,3454917.85,14769561.5,21258206.0,588.62,21545846.0,570.53,200.0,127.03815,0.8003505909412253,0.0057932112398490845
2013,4,21259940.0,603.96,8683402.7,6316905.7,18865238.0,125.8576,102021279.30613647,7802550.5,5582222.95,19361765.75,6146601.26,3948221.15,15087812.0,26208712.0,592.03,21258206.0,588.62,200.0,200.0,0.6277748998610576,0.020151005861189574
2013,5,25927653.0,595.23,8283202.32,6074423.5,19296436.5,200.0,77164584.47595,8683402.7,6316905.7,18865238.0,7802550.5,5582222.95,19361765.75,21259940.0,603.96,26208712.0,592.03,125.8576,200.0,0.7704167405844395,-0.01445459964236045
2013,6,24250860.0,587.6,4645218.55,4123825.9,16102139.3,128.06526666666664,111269868.14535716,8283202.32,6074423.5,19296436.5,8683402.7,6316905.7,18865238.0,25927653.0,595.23,21259940.0,603.96,200.0,125.8576,0.9750585353622342,-0.012818574332610915
2013,7,29080647.0,583.6,3289154.9,3319741.75,16027189.54,131.55020000000002,129011324.87217806,4645218.55,4123825.9,16102139.3,8283202.32,6074423.5,19296436.5,24250860.0,587.6,25927653.0,595.23,128.06526666666664,200.0,1.2847029630434537,-0.0068073519400953025
2013,8,30507102.0,587.02,5317181.76,4365973.95,16910903.26,132.0209225,135647279.81687903,3289154.9,3319741.75,16027189.54,4645218.55,4123825.9,16102139.3,29080647.0,583.6,24250860.0,587.6,131.55020000000002,128.06526666666664,1.1471397440463749,0.005860178204249416
2013,9,28032921.0,634.27,5862577.0,4007956.5,15319407.17,132.47786000000002,134214432.52985816,5317181.76,4365973.95,16910903.26,3289154.9,3319741.75,16027189.54,30507102.0,587.02,29080647.0,583.6,132.0209225,131.55020000000002,1.112861731881165,0.08049129501550203
2013,10,28189359.0,656.24,6247353.54,4837279.91,19472377.54,131.08488333333332,141122183.4261337,5862577.0,4007956.5,15319407.17,5317181.76,4365973.95,16910903.26,28032921.0,634.27,30507102.0,587.02,132.47786000000002,132.0209225,0.9225168983060932,0.034638245542119334
2013,11,26612935.0,680.11,7534441.13,5206138.86,17993244.53,131.09919285714287,138061286.48383853,6247353.54,4837279.91,19472377.54,5862577.0,4007956.5,15319407.17,28189359.0,656.24,28032921.0,634.27,131.08488333333332,132.47786000000002,0.8659168006468463,0.036373887602096804
2013,12,28270703.0,661.47,6448543.64,4889753.8,18916239.46,130.841305,142922924.17451814,7534441.13,5206138.86,17993244.53,6247353.54,4837279.91,19472377.54,26612935.0,680.11,28189359.0,656.24,131.09919285714287,131.08488333333332,0.9344285484667261,-0.02740733116701708
2014,1,21213441.0,683.17,6385873.0,3737903.0,15392821.0,130.75619047619048,110835184.43900315,6448543.64,4889753.8,18916239.46,7534441.13,5206138.86,17993244.53,28270703.0,661.47,26612935.0,680.11,130.841305,131.09919285714287,0.8313585467529232,0.03280572059201465
2014,2,21839202.0,664.55,5445202.0,3322063.0,13832658.0,130.8284529411765,110933373.91695282,6385873.0,3737903.0,15392821.0,6448543.64,4889753.8,18916239.46,21213441.0,683.17,28270703.0,661.47,130.75619047619048,130.841305,0.9663396640776165,-0.027255295168113362
2014,3,29829221.0,645.29,6286805.0,4093831.0,15379954.0,130.6212119047619,147361196.0752929,5445202.0,3322063.0,13832658.0,6385873.0,3737903.0,15392821.0,21839202.0,664.55,21213441.0,683.17,130.8284529411765,130.75619047619048,1.157940132582367,-0.02898201790685425
2014,4,22835096.0,643.25,7510259.0,4240054.0,17772459.0,130.6168394736842,112456215.91509552,6286805.0,4093831.0,15379954.0,5445202.0,3322063.0,13832658.0,29829221.0,645.29,21839202.0,664.55,130.6212119047619,130.8284529411765,0.7734739813727518,-0.0031613693068232324
2014,5,27414368.0,641.5,10004451.0,6613542.0,22625700.0,130.44494736842103,134817924.5481256,7510259.0,4240054.0,17772459.0,6286805.0,4093831.0,15379954.0,22835096.0,643.25,29829221.0,645.29,130.6168394736842,130.6212119047619,0.6985674870099509,-0.0027205596579867857
2014,6,29769048.0,640.85,8074759.0,4753911.0,18167455.0,130.2894125,146423980.61930013,10004451.0,6613542.0,22625700.0,7510259.0,4240054.0,17772459.0,27414368.0,641.5,22835096.0,643.25,130.44494736842103,130.6168394736842,0.9604119224580492,-0.0010132501948557713
2014,7,28899297.0,634.1,5758869.0,3885244.0,19359634.0,130.23302272727273,140709659.07069024,8074759.0,4753911.0,18167455.0,10004451.0,6613542.0,22625700.0,29769048.0,640.85,27414368.0,641.5,130.2894125,130.44494736842103,0.9963987411695461,-0.01053288601076695
2014,8,26684609.0,651.44,4187078.0,2760640.0,16877253.0,130.17610952380952,133537726.3197479,5758869.0,3885244.0,19359634.0,8074759.0,4753911.0,18167455.0,28899297.0,634.1,29769048.0,640.85,130.23302272727273,130.2894125,1.1200269246917447,0.027345844504021496
2014,9,25991985.0,641.56,5613476.0,4021652.0,19451044.0,130.24219285714284,128033915.36021326,4187078.0,2760640.0,16877253.0,5758869.0,3885244.0,19359634.0,26684609.0,651.44,28899297.0,634.1,130.17610952380952,130.23302272727273,0.8936199992216233,-0.01516640058946351
2014,10,26426700.0,632.75,6497528.0,4190602.0,17504652.0,130.6309275,128005631.93582162,5613476.0,4021652.0,19451044.0,4187078.0,2760640.0,16877253.0,25991985.0,641.56,26684609.0,651.44,130.24219285714284,130.17610952380952,0.9373569447669265,-0.013732152877361348
2014,11,28109170.0,612.31,7274890.0,4492329.0,18209669.0,131.08135,131304154.883208,6497528.0,4190602.0,17504652.0,5613476.0,4021652.0,19451044.0,26426700.0,632.75,25991985.0,641.56,130.6309275,130.24219285714284,0.9376947333559107,-0.0323034373765311
2014,12,28873088.0,608.99,5835008.0,3093491.0,15378825.0,131.73009545454545,133480673.49717592,7274890.0,4492329.0,18209669.0,6497528.0,4190602.0,17504652.0,28109170.0,612.31,26426700.0,632.75,131.08135,130.6309275,1.1878349093466645,-0.005422090117750709
2015,1,23864105.67,602.79,4853340.0,3194718.0,15252077.0,132.57109473684213,108508150.17688487,5835008.0,3093491.0,15378825.0,7274890.0,4492329.0,18209669.0,28873088.0,608.99,28109170.0,612.31,131.73009545454545,131.08135,1.024204609544108,-0.010180791145995904
2015,2,22900629.76,601.3,6293412.0,4398983.0,14920546.0,133.14299705882354,103423754.75147408,4853340.0,3194718.0,15252077.0,5835008.0,3093491.0,15378825.0,23864105.67,602.79,28873088.0,608.99,132.57109473684213,131.73009545454545,0.8941038735067559,-0.002471839280678195
2015,3,24387468.77,587.57,6938414.0,4788305.0,18710443.0,133.28189285714285,107511566.03506295,6293412.0,4398983.0,14920546.0,4853340.0,3194718.0,15252077.0,22900629.76,601.3,23864105.67,602.79,133.14299705882354,132.57109473684213,0.8012399043642768,-0.022833859970064704
2015,4,22428859.66,583.05,8300502.0,5685615.0,17641071.0,133.4628605263158,97983413.31208384,6938414.0,4788305.0,18710443.0,6293412.0,4398983.0,14920546.0,24387468.77,587.57,22900629.76,601.3,133.28189285714285,133.14299705882354,0.7091638896255968,-0.007692700444202555
2015,5,26886641.03,586.41,8216222.0,5339899.0,18875640.0,134.73268157894736,117021311.99076428,8300502.0,5685615.0,17641071.0,6938414.0,4788305.0,18710443.0,22428859.66,583.05,24387468.77,587.57,133.4628605263158,133.28189285714285,0.8290219279181295,0.005762799073835887
2015,6,27128866.72,576.59,7638658.0,4829657.0,17111042.0,134.1828904761905,116573977.5508888,8216222.0,5339899.0,18875640.0,8300502.0,5685615.0,17641071.0,26886641.03,586.41,22428859.66,583.05,134.73268157894736,133.4628605263158,0.9171553904975013,-0.016745962722327274
2015,7,27989639.43,578.45,5100175.0,3827270.0,17387424.0,133.66642857142855,121126950.88304524,7638658.0,4829657.0,17111042.0,8216222.0,5339899.0,18875640.0,27128866.72,576.59,26886641.03,586.41,134.1828904761905,134.73268157894736,1.0636435024624291,0.0032258623978910724
2015,8,20683618.49,571.09,4743767.0,3551565.0,18131177.0,134.04281666666668,88122646.01114966,5100175.0,3827270.0,17387424.0,7638658.0,4829657.0,17111042.0,27989639.43,578.45,27128866.72,576.59,133.66642857142855,134.1828904761905,0.7826844813289564,-0.012723658051689884
2015,9,23925912.58,590.16,5857291.0,4043581.0,17312479.0,138.8706642857143,101678181.21156164,4743767.0,3551565.0,18131177.0,5100175.0,3827270.0,17387424.0,20683618.49,571.09,27989639.43,578.45,134.04281666666668,133.66642857142855,0.8791975887129813,0.03339228492882021
2015,10,28285807.62,567.77,6160253.0,4304333.0,16404965.0,140.8174642857143,114047167.89831191,5857291.0,4043581.0,17312479.0,4743767.0,3551565.0,18131177.0,23925912.58,590.16,20683618.49,571.09,138.8706642857143,134.04281666666668,1.052708607598244,-0.037938864036871335
2015,11,25752021.37,573.38,5917264.0,3736684.0,15684341.0,141.9926105263158,103989172.10127668,6160253.0,4304333.0,16404965.0,5857291.0,4043581.0,17312479.0,28285807.62,567.77,23925912.58,590.16,140.8174642857143,138.8706642857143,1.016328346795634,0.009880761575990302
2015,12,24672909.6,582.59,5406987.0,3265227.0,14947739.0,143.40637619047618,100233969.96498828,5917264.0,3736684.0,15684341.0,6160253.0,4304333.0,16404965.0,25752021.37,573.38,28285807.62,567.77,141.9926105263158,140.8174642857143,1.0445791149542085,0.016062646063692555
2016,1,23478578.08,583.26,5525842.0,3650049.0,16043946.0,143.980495,95110906.8693006,5406987.0,3265227.0,14947739.0,5917264.0,3736684.0,15684341.0,24672909.6,582.59,25752021.37,573.38,143.40637619047618,141.9926105263158,0.9309567734319615,0.0011500369041692426
2016,2,22988086.2,591.93,5399367.0,3505810.0,14085593.0,144.16393421052632,94387947.57428618,5525842.0,3650049.0,16043946.0,5406987.0,3265227.0,14947739.0,23478578.08,583.26,24672909.6,582.59,143.980495,143.40637619047618,0.9998832661976959,0.014864725851249802
2016,3,25907039.24,583.37,5259465.0,3553232.0,13395289.0,145.3331275,103991359.30958892,5399367.0,3505810.0,14085593.0,5525842.0,3650049.0,16043946.0,22988086.2,591.93,23478578.08,583.26,144.16393421052632,143.980495,1.1665641017605108,-0.014461169395029727
2016,4,21687809.15,596.06,6847524.0,4447144.0,16042604.0,144.9418611111111,89189109.50121647,5259465.0,3553232.0,13395289.0,5399367.0,3505810.0,14085593.0,25907039.24,583.37,22988086.2,591.93,145.3331275,144.16393421052632,0.7933421136534764,0.02175291838798694
2016,5,20776468.01,607.89,8320511.0,5147250.0,17355778.0,145.85061000000002,86594133.12428997,6847524.0,4447144.0,16042604.0,5259465.0,3553232.0,13395289.0,21687809.15,596.06,25907039.24,583.37,144.9418611111111,145.3331275,0.6740455082072179,0.01984699526893273
2016,6,27934557.96,611.15,5037516.0,4026205.0,16611143.0,146.03125,116907888.53244768,8320511.0,5147250.0,17355778.0,6847524.0,4447144.0,16042604.0,20776468.01,607.89,21687809.15,596.06,145.85061000000002,144.9418611111111,1.0880119154672057,0.0053628123509187366
2016,7,25070339.46,598.29,4527300.0,3283520.0,13702989.0,146.12452894736842,102647608.19811372,5037516.0,4026205.0,16611143.0,8320511.0,5147250.0,17355778.0,27934557.96,611.15,20776468.01,607.89,146.03125,145.85061000000002,1.1653138437735504,-0.02104229730835313
2016,8,24531146.61,619.57,4080530.0,3252603.0,15923187.0,145.48223181818182,104471606.70557034,4527300.0,3283520.0,13702989.0,5037516.0,4026205.0,16611143.0,25070339.46,598.29,27934557.96,611.15,146.12452894736842,146.03125,1.054816351426193,0.035568035568035714
2016,9,24692886.41,648.71,3971996.0,2974192.0,13005769.0,145.6592275,109972588.88408634,4080530.0,3252603.0,15923187.0,4527300.0,3283520.0,13702989.0,24531146.61,619.57,25070339.46,598.29,145.48223181818182,146.12452894736842,1.237617262807854,0.04703261939732392
2016,10,22332734.17,680.79,3390811.0,2336707.0,12977917.0,147.00802857142858,103422256.88855489,3971996.0,2974192.0,13005769.0,4080530.0,3252603.0,15923187.0,24692886.41,648.71,24531146.61,619.57,145.6592275,145.48223181818182,1.1939168573198111,0.0494519893326755
2016,11,19739714.54,720.69,5921708.0,3885703.0,17904691.0,148.31246904761906,95920558.5557675,3390811.0,2336707.0,12977917.0,3971996.0,2974192.0,13005769.0,22332734.17,680.79,24692886.41,648.71,147.00802857142858,145.6592275,0.7123138670606798,0.05860838143921047
2016,12,21734918.89,715.05,6142174.0,4447784.0,16589737.0,149.2612105263158,104123192.47239669,5921708.0,3885703.0,17904691.0,3390811.0,2336707.0,12977917.0,19739714.54,720.69,22332734.17,680.79,148.31246904761906,147.00802857142858,0.7996748635332369,-0.007825833576156321
2017,1,19560847.46,746.59,4627708.0,2795115.0,14263667.0,150.05246428571428,97325513.27750348,6142174.0,4447784.0,16589737.0,5921708.0,3885703.0,17904691.0,21734918.89,715.05,19739714.54,720.69,149.2612105263158,148.31246904761906,0.9019830991552806,0.04410880358016933
2017,2,21820415.99,757.76,3993644.0,2714105.0,11905178.0,150.90639444444443,109568838.8915127,4627708.0,2795115.0,14263667.0,6142174.0,4447784.0,16589737.0,19560847.46,746.59,21734918.89,715.05,150.05246428571428,149.2612105263158,1.1723258781383497,0.01496135763940042
2017,3,24732717.81,774.54,6046666.0,4497762.0,16032936.0,151.7325152173913,126251642.40579148,3993644.0,2714105.0,11905178.0,4627708.0,2795115.0,14263667.0,21820415.99,757.76,19560847.46,746.59,150.90639444444443,150.05246428571428,0.9305933353661409,0.02214421452702699
2017,4,19411920.37,812.7,8385882.0,5299646.0,19259103.0,152.20295588235294,103651519.730624,6046666.0,4497762.0,16032936.0,3993644.0,2714105.0,11905178.0,24732717.81,774.54,21820415.99,757.76,151.7325152173913,150.90639444444443,0.5892286476057359,0.04926795259121554
2017,5,23303261.63,821.03,7660280.0,4958316.0,17098402.0,152.49026750000002,125468183.70607749,8385882.0,5299646.0,19259103.0,6046666.0,4497762.0,16032936.0,19411920.37,812.7,24732717.81,774.54,152.20295588235294,151.7325152173913,0.7841728033901675,0.010249784668389229
2017,6,25072546.83,811.39,5144371.0,3941501.0,18154054.0,152.8788375,133070175.73569462,7660280.0,4958316.0,17098402.0,8385882.0,5299646.0,19259103.0,23303261.63,821.03,19411920.37,812.7,152.49026750000002,152.20295588235294,0.920433735025565,-0.011741349280781441
2017,7,25710190.66,816.07,4889831.0,3735752.0,17084912.0,153.5112738095238,136676054.9322243,5144371.0,3941501.0,18154054.0,7660280.0,4958316.0,17098402.0,25072546.83,811.39,23303261.63,821.03,152.8788375,152.49026750000002,0.9999881628105566,0.005767879811188287
2017,8,23758691.71,799.52,4177946.0,3401523.0,17281482.0,153.06006590909092,124105194.14816852,4889831.0,3735752.0,17084912.0,5144371.0,3941501.0,18154054.0,25710190.66,816.07,25072546.83,811.39,153.5112738095238,152.8788375,0.9556630279348526,-0.02028012302866184
2017,9,24684203.92,810.47,4822555.0,3601988.0,17311333.0,152.77912631578943,130945942.9011988,4177946.0,3401523.0,17281482.0,4889831.0,3735752.0,17084912.0,23758691.71,799.52,25710190.66,816.07,153.06006590909092,153.5112738095238,0.9591359516963791,0.013695717430458332
2017,10,24640862.42,811.18,4973080.0,3683394.0,17062971.0,153.41488750000002,130288364.47085749,4822555.0,3601988.0,17311333.0,4177946.0,3401523.0,17281482.0,24684203.92,810.47,23758691.71,799.52,152.77912631578943,153.06006590909092,0.9580635359744349,0.0008760348933334024
2017,11,22571899.19,816.35,5193621.0,3568752.0,16219347.0,153.50740714285715,120037008.2898238,4973080.0,3683394.0,17062971.0,4822555.0,3601988.0,17311333.0,24640862.42,811.18,24684203.92,810.47,153.41488750000002,152.77912631578943,0.9035366335864785,0.006373431297615909
2017,12,22927592.95,803.88,4728015.0,3456739.0,15748232.0,153.029035,120441414.4063968,5193621.0,3568752.0,16219347.0,4973080.0,3683394.0,17062971.0,22571899.19,816.35,24640862.42,811.18,153.50740714285715,153.41488750000002,0.9579913241916408,-0.015275310834813533
2018,1,20348215.02,810.67,5177373.0,3278129.0,16087615.0,153.6807625,107337360.91570602,4728015.0,3456739.0,15748232.0,5193621.0,3568752.0,16219347.0,22927592.95,803.88,22571899.19,816.35,153.029035,153.50740714285715,0.8290803087480697,0.008446534308603228
2018,2,20881329.49,834.42,5032947.0,3192765.0,12957173.0,154.7233,112612637.87061033,5177373.0,3278129.0,16087615.0,4728015.0,3456739.0,15748232.0,20348215.02,810.67,22927592.95,803.88,153.6807625,153.029035,0.9857641907606068,0.02929675453637115
2018,3,25143279.44,818.52,6257310.0,4089117.0,18261664.0,155.576185,132284238.02286191,5032947.0,3192765.0,12957173.0,5177373.0,3278129.0,16087615.0,20881329.49,834.42,20348215.02,810.67,154.7233,153.6807625,0.8788870057774915,-0.019055152081685456
2018,4,19989341.96,814.49,7461180.0,4872604.0,15684552.0,156.03491578947367,104342794.37153225,6257310.0,4089117.0,18261664.0,5032947.0,3192765.0,12957173.0,25143279.44,818.52,20881329.49,834.42,155.576185,154.7233,0.7134378701147706,-0.0049235205004153505
2018,5,22174137.48,818.23,7404751.0,5359935.0,19770446.0,157.65975,115080383.6125606,7461180.0,4872604.0,15684552.0,6257310.0,4089117.0,18261664.0,19989341.96,814.49,25143279.44,818.52,156.03491578947367,155.576185,0.6815444142043131,0.004591830470601246
2018,6,23946806.74,822.13,4782273.0,3629481.0,14854870.0,158.86599210526316,123924497.39722468,7404751.0,5359935.0,19770446.0,7461180.0,4872604.0,15684552.0,22174137.48,818.23,19989341.96,814.49,157.65975,156.03491578947367,1.0292342687963667,0.004766385979492291
2018,7,24058528.37,780.21,3816781.0,3587480.0,16520444.0,159.12562142857143,117961546.67640072,4782273.0,3629481.0,14854870.0,7404751.0,5359935.0,19770446.0,23946806.74,822.13,22174137.48,818.23,158.86599210526316,157.65975,1.0055935222607761,-0.050989502876673955
2018,8,22915516.14,767.54,3690803.0,3015980.0,14857009.0,160.10913863636364,109853662.36990625,3816781.0,3587480.0,16520444.0,4782273.0,3629481.0,14854870.0,24058528.37,780.21,23946806.74,822.13,159.12562142857143,158.86599210526316,1.0626848997616003,-0.016239217646531155
2018,9,24873414.54,772.13,4063313.0,3248922.0,12075127.0,164.37858947368423,116837050.55666544,3690803.0,3015980.0,14857009.0,3816781.0,3587480.0,16520444.0,22915516.14,767.54,24058528.37,780.21,160.10913863636364,159.12562142857143,1.2829705526724058,0.0059801443572973815
2018,10,22423967.78,833.49,7160247.0,5078431.0,17475453.0,170.95930681818183,109325156.10179389,4063313.0,3248922.0,12075127.0,3690803.0,3015980.0,14857009.0,24873414.54,772.13,22915516.14,767.54,164.37858947368423,160.10913863636364,0.754656691121137,0.07946848328649322
2018,11,20583272.17,841.87,4924348.0,3836784.0,16131773.0,176.61802894736843,98112516.85365435,7160247.0,5078431.0,17475453.0,4063313.0,3248922.0,12075127.0,22423967.78,833.49,24873414.54,772.13,170.95930681818183,164.37858947368423,0.826873045552538,0.010054109827352452
2018,12,24439565.77,820.65,5198619.0,3941351.0,17167184.0,179.922335,111472150.74298862,4924348.0,3836784.0,16131773.0,7160247.0,5078431.0,17475453.0,20583272.17,841.87,22423967.78,833.49,176.61802894736843,170.95930681818183,0.9290083514925256,-0.025205791868103185
2019,1,22677314.8,838.69,4862498.0,3767130.0,14722855.0,181.8684613636364,104576884.89256002,5198619.0,3941351.0,17167184.0,4924348.0,3836784.0,16131773.0,24439565.77,820.65,20583272.17,841.87,179.922335,176.61802894736843,0.9710879481209771,0.02198257478827768
2019,2,22604404.41,826.47,4220161.0,3391721.0,14104688.0,178.5411388888889,104636176.45207776,4862498.0,3767130.0,14722855.0,5198619.0,3941351.0,17167184.0,22677314.8,838.69,24439565.77,820.65,181.8684613636364,179.922335,1.040882810222793,-0.01457034184263557
2019,3,25329458.5,831.36,5701796.0,4441894.0,18212707.0,178.2049842105263,118166720.82349166,4220161.0,3391721.0,14104688.0,4862498.0,3767130.0,14722855.0,22604404.41,826.47,22677314.8,838.69,178.5411388888889,181.8684613636364,0.8932537691583313,0.005916730189843534
2019,4,20177028.34,817.0,5308112.0,3760269.0,14568095.0,174.7470275,94334263.59014893,5701796.0,4441894.0,18212707.0,4220161.0,3391721.0,14104688.0,25329458.5,831.36,22604404.41,826.47,178.2049842105263,178.5411388888889,0.853639448621698,-0.017272902232486544
2019,5,25738047.96,816.89,8090527.0,5764378.0,20396821.0,176.26600714285715,119280820.72571304,5308112.0,3760269.0,14568095.0,5701796.0,4441894.0,18212707.0,20177028.34,817.0,25329458.5,831.36,174.7470275,178.2049842105263,0.7514379847602425,-0.0001346389228886336
2019,6,23301690.64,808.42,6343167.0,4560392.0,16627289.0,176.4637789473684,106750251.29552074,8090527.0,5764378.0,20396821.0,5308112.0,3760269.0,14568095.0,25738047.96,816.89,20177028.34,817.0,176.26600714285715,174.7470275,0.8463847768147207,-0.010368593078627511
2019,7,23959588.42,773.47,5379462.0,3983081.0,16610767.0,175.86788636363636,105374683.45357455,6343167.0,4560392.0,16627289.0,8090527.0,5764378.0,20396821.0,23301690.64,808.42,25738047.96,816.89,176.4637789473684,176.26600714285715,0.9224695820440291,-0.0432324781672892
2019,8,25449221.78,789.86,4871773.0,3887641.0,17442073.0,177.8842025,113002290.4375154,5379462.0,3983081.0,16610767.0,6343167.0,4560392.0,16627289.0,23959588.42,773.47,23301690.64,808.42,175.86788636363636,176.4637789473684,0.9712892165242377,0.021190220693756687
2019,9,24071163.1,786.32,3879344.0,3268112.0,14770567.0,180.6090725,104798926.80248389,4871773.0,3887641.0,17442073.0,5379462.0,3983081.0,16610767.0,25449221.78,789.86,23959588.42,773.47,177.8842025,175.86788636363636,1.0982360544105645,-0.0044818069024890024
2019,10,25124027.12,781.95,3568579.0,3349151.0,14345677.0,181.2971673913044,108362051.59279434,3879344.0,3268112.0,14770567.0,4871773.0,3887641.0,17442073.0,24071163.1,786.32,25449221.78,789.86,180.6090725,177.8842025,1.1815616904666313,-0.005557533828466787
2019,11,21312837.9,813.48,6550656.0,4160108.0,13315362.0,180.30501052631573,96156880.63400522,3568579.0,3349151.0,14345677.0,3879344.0,3268112.0,14770567.0,25124027.12,781.95,24071163.1,786.32,181.2971673913044,180.6090725,0.8870692636840413,0.04032227124496447
2019,12,23088174.89,789.62,4270633.0,2838194.0,14784992.0,181.12434,100653974.26233162,6550656.0,4160108.0,13315362.0,3568579.0,3349151.0,14345677.0,21312837.9,813.48,25124027.12,781.95,180.30501052631573,181.2971673913044,1.054552195302245,-0.029330776417367376
2020,1,21349746.35,800.05,5085171.0,3519689.0,13338052.0,181.33788571428573,94193579.57128689,4270633.0,2838194.0,14784992.0,6550656.0,4160108.0,13315362.0,23088174.89,789.62,21312837.9,813.48,181.12434,180.30501052631573,0.9729677788435738,0.013208885286593489
2020,2,22821578.75,808.06,4548531.0,3388080.0,10276682.0,181.51350833333333,101596873.3900475,5085171.0,3519689.0,13338052.0,4270633.0,2838194.0,14784992.0,21349746.35,800.05,23088174.89,789.62,181.33788571428573,181.12434,1.2530177134909102,0.010011874257858874
2020,3,13258752.16,819.73,3442723.0,2688075.0,7395238.0,184.77216176470588,58821614.70815706,4548531.0,3388080.0,10276682.0,5085171.0,3519689.0,13338052.0,22821578.75,808.06,21349746.35,800.05,181.51350833333333,181.33788571428573,0.9802393073624822,0.014441996881419788
2020,4,17723181.89,826.15,4180458.0,3078744.0,13563444.0,193.41174444444445,75703813.95649563,3442723.0,2688075.0,7395238.0,4548531.0,3388080.0,10276682.0,13258752.16,819.73,22821578.75,808.06,184.77216176470588,181.51350833333333,0.8511493635342983,0.007831847071596695
2020,5,21961228.22,887.46,6788532.0,5971322.0,15843192.0,187.32072352941177,104044609.84831218,4180458.0,3078744.0,13563444.0,3442723.0,2688075.0,7395238.0,17723181.89,826.15,13258752.16,819.73,193.41174444444445,184.77216176470588,0.7677933399121198,0.07421170489620536
2020,6,22811009.03,891.62,7358261.0,4486521.0,15512288.0,185.8685714285714,109425448.9341933,6788532.0,5971322.0,15843192.0,4180458.0,3078744.0,13563444.0,21961228.22,887.46,17723181.89,826.15,187.32072352941177,193.41174444444445,0.8338250050169846,0.004687535212854628
2020,7,26886016.68,854.02,5869909.0,4276074.0,16333720.0,185.82391304347823,123564268.93066902,7358261.0,4486521.0,15512288.0,6788532.0,5971322.0,15843192.0,22811009.03,891.62,21961228.22,887.46,185.8685714285714,187.32072352941177,1.0153443443077892,-0.04217043134967814
2020,8,21342566.74,851.86,4138376.0,3416123.0,14901637.0,184.89625,98330165.71799806,5869909.0,4276074.0,16333720.0,7358261.0,4486521.0,15512288.0,26886016.68,854.02,22811009.03,891.62,185.82391304347823,185.8685714285714,0.9504113592828258,-0.0025292147724877267
2020,9,23467652.55,858.38,4219565.0,3471742.0,14345821.0,184.9709523809524,108904470.33208533,4138376.0,3416123.0,14901637.0,5869909.0,4276074.0,16333720.0,21342566.74,851.86,26886016.68,854.02,184.89625,185.82391304347823,1.0649142914630256,0.00765383983283636
2020,10,22270146.18,882.24,4570641.0,3580748.0,15693400.0,184.4105,106542814.89309555,4219565.0,3471742.0,14345821.0,4138376.0,3416123.0,14901637.0,23467652.55,858.38,21342566.74,851.86,184.9709523809524,184.89625,0.9339628117489318,0.02779654698385332
2020,11,19347560.81,861.91,5502338.0,4129846.0,15279668.0,184.8504761904762,90212676.11214446,4570641.0,3580748.0,15693400.0,4219565.0,3471742.0,14345821.0,22270146.18,882.24,23467652.55,858.38,184.4105,184.9709523809524,0.7766408057498093,-0.023043616249546654
2020,12,23335778.02,871.05,6537989.0,4725292.0,17393872.0,187.40761904761905,108462129.488749,5502338.0,4129846.0,15279668.0,4570641.0,3580748.0,15693400.0,19347560.81,861.91,22270146.18,882.24,184.8504761904762,184.4105,0.8143090145765701,0.0106043554431437
2021,1,20055466.74,910.47,4826484.0,3305149.0,14913562.0,192.34579736842105,94932673.61486772,6537989.0,4725292.0,17393872.0,5502338.0,4129846.0,15279668.0,23335778.02,871.05,19347560.81,861.91,187.40761904761905,184.8504761904762,0.8702667406372564,0.04525572584811443
2021,2,22442529.6,922.8,4590738.0,3588384.0,14200275.0,194.607775,106419007.74457753,4826484.0,3305149.0,14913562.0,6537989.0,4725292.0,17393872.0,20055466.74,910.47,23335778.02,871.05,192.34579736842105,187.40761904761905,1.0028210143463652,0.013542456094105162
2021,3,24817180.79,934.88,6474028.0,5006587.0,16930374.0,197.5475681818182,117445566.1008262,4590738.0,3588384.0,14200275.0,4826484.0,3305149.0,14913562.0,22442529.6,922.8,20055466.74,910.47,194.607775,192.34579736842105,0.8735064023994378,0.013090593844820158
2021,4,15715541.26,940.46,6850518.0,5497243.0,17239746.0,198.2012777777778,74569841.82488811,6474028.0,5006587.0,16930374.0,4590738.0,3588384.0,14200275.0,24817180.79,934.88,22442529.6,922.8,197.5475681818182,194.607775,0.5311546275257324,0.005968680472360132
2021,5,22961057.72,896.68,7176417.0,5910791.0,17288611.0,199.739825,103077697.38142906,6850518.0,5497243.0,17239746.0,6474028.0,5006587.0,16930374.0,15715541.26,940.46,24817180.79,934.88,198.2012777777778,197.5475681818182,0.755899214437642,-0.04655168747208822
2021,6,26044843.96,903.15,5908146.0,4472658.0,15556888.0,200.37244285714283,117393392.45988277,7176417.0,5910791.0,17288611.0,6850518.0,5497243.0,17239746.0,22961057.72,896.68,15715541.26,940.46,199.739825,198.2012777777778,1.004131129323303,0.007215506089128817
2021,7,24769974.31,880.87,5798600.0,4783750.0,15582615.0,200.4204,108866798.34213331,5908146.0,4472658.0,15556888.0,7176417.0,5910791.0,17288611.0,26044843.96,903.15,22961057.72,896.68,200.37244285714283,199.739825,0.9466847866985489,-0.024669213308974116
2021,8,24730451.48,891.92,4993739.0,3830891.0,14875463.0,200.5430909090909,109989250.6096888,5798600.0,4783750.0,15582615.0,5908146.0,4472658.0,15556888.0,24769974.31,880.87,26044843.96,903.15,200.4204,200.37244285714283,1.043474870752617,0.012544416315687848
2021,9,22620033.82,873.58,4105984.0,3671696.0,14786344.0,200.7794047619048,98418506.4594079,4993739.0,3830891.0,14875463.0,5798600.0,4783750.0,15582615.0,24730451.48,891.92,24769974.31,880.87,200.5430909090909,200.4204,1.0024822620291487,-0.02056238227643726
2021,10,23590363.49,887.86,4774736.0,4016782.0,15205413.0,200.75,104333450.20289612,4105984.0,3671696.0,14786344.0,4993739.0,3830891.0,14875463.0,22620033.82,873.58,24730451.48,891.92,200.7794047619048,200.5430909090909,0.9830575205637754,0.016346528079855278
2021,11,24933063.33,899.77,4127663.0,3228016.0,12647820.0,200.75,111751045.54139028,4774736.0,4016782.0,15205413.0,4105984.0,3671696.0,14786344.0,23590363.49,887.86,22620033.82,873.58,200.75,200.7794047619048,1.2464351026787863,0.013414277025657163
