2021-01,Black,Bags,1540579.05,1513.49
2021-01,,Bulk,9905939.01,793.17
2021-01,,Packets (4g - 1kg),4912998.49,981.48
2021-01,,Packets (1kg - 3kg),42348.4,895.3
2021-01,,Packets (3kg - 5kg),1393555.16,846.27
2021-01,,Packets (5kg - 10kg),1885910.0,687.51
2021-01,,Sub Total,19681330.11,890.42
2021-01,,Bags,65903.54,3030.11
2021-01,,Bulk,48506.0,1141.99
2021-01,,Packets (4g - 1kg),75413.89,1710.26
2021-01,,Packets (3kg - 5kg),11.0,14163.91
2021-01,,Packets (5kg - 10kg),7495.0,1589.37
2021-01,,Sub Total,197329.43,2007.47
2021-01,Instant,Packets (>3kg),176807.2,1918.53
2021-01,,Sub Total,176807.2,1918.53
2021-01,,Total Exports (Without RTD),20055466.74,910.47
2021-01,,RTD ( Liters ),5.95,4718.32
2021-01,,Sub Total,5.95,4718.32
2021-01,,,20820036.77,923.99
2021-02,Black,Bags,1702078.66,1603.17
2021-02,,Bags,9755746.72,794.67
2021-02,,Packets (4g - 1kg),7051983.87,946.86
2021-02,,Packets (1kg - 3kg),89042.74,981.53
2021-02,,Packets (3kg - 5kg),1454954.18,860.82
2021-02,,Packets (5kg - 10kg),1940585.0,710.69
2021-02,,Sub Total,21994391.17,903.76
2021-02,Green,Bags,55409.73,3219.04
2021-02,,Bulk,12983.52,1475.11
2021-02,,Packets (4g - 1kg),54866.18,1772.37
2021-02,,Packets (3kg - 5kg),710.0,1698.18
2021-02,,Packets (5kg - 10kg),1860.0,2000.78
2021-02,,Sub Total,125829.43,2381.7
2021-02,Instant,Packets (>3kg),322300.0,1652.54
2021-02,,Packets (1kg - 3kg),9.0,1770.56
2021-02,,Sub Total,322309.0,1652.54
2021-02,,Total Exports (Without RTD),22442529.6,922.8
2021-02,,,23252118.18,939.22
2021-03,Black,Bags,2250822.81,1589.21
2021-03,,Bulk,10112075.94,811.18
2021-03,,Packets (4g - 1kg),8124448.55,926.29
2021-03,,Packets (1kg - 3kg),53517.16,894.51
2021-03,,Packets (3kg - 5kg),1374815.44,848.67
2021-03,,Packets (5kg - 10kg),2453561.5,741.05
2021-03,,Sub Total,24369241.4,916.66
2021-03,Green,Bags,80191.95,3196.86
2021-03,,Bulk,23482.0,1105.01
2021-03,,Packets (4g - 1kg),92400.24,1672.64
2021-03,,Packets (3kg - 5kg),1010.0,981.65
2021-03,,Packets (5kg - 10kg),2380.0,2143.54
2021-03,,Sub Total,199464.19,2220.73
2021-03,Instant,Packets (>3kg),248475.2,1690.05
2021-03,,Sub Total,248475.2,1690.05
2021-03,,Total Exports (Without RTD),24817180.79,934.88
2021-03,RTD,RTD ( Liters ),672.12,434.46
2021-03,,Sub Total,672.12,434.46
2021-03,,,25814867.92,950.81
2021-04,,Bulk,6999492.84,816.46
2021-04,,Packets (4g - 1kg),4954098.95,929.87
2021-04,,Packets (1kg - 3kg),42649.0,973.37
2021-04,,Packets (3kg - 5kg),577983.66,886.78
2021-04,,Packets (5kg - 10kg),1561376.0,737.51
2021-04,,Sub Total,15340043.51,916.82
2021-04,Green,Bags,54442.88,2788.24
2021-04,,Bulk,28225.0,1231.31
2021-04,,Packets (4g - 1kg),49158.87,1662.62
2021-04,,Packets (3kg - 5kg),280.0,4050.29
2021-04,,Packets (5kg - 10kg),2108.0,2087.79
2021-04,,Sub Total,134214.75,2040.17
2021-04,Instant,Packets (>3kg),241283.0,1831.41
2021-04,,Sub Total,241283.0,1831.41
2021-04,,Total Exports (Without RTD),15715541.26,940.46
2021-04,RTD,,16313618.29,959.13
2021-05,Black,Bags,1613627.9,1611.11
2021-05,,Bulk,10413778.56,782.37
2021-05,,Packets (4g - 1kg),6361051.02,937.66
2021-05,,Packets (1kg - 3kg),139804.0,825.78
2021-05,,Packets (3kg - 5kg),1025013.7,818.06
2021-05,,Packets (5kg - 10kg),3064693.1,720.4
2021-05,,Sub Total,22617968.28,878.66
2021-05,Green,Bags,73748.43,3116.74
2021-05,,Bulk,41062.72,1135.89
2021-05,,Packets (4g - 1kg),57019.29,1820.03
2021-05,,Packets (3kg - 5kg),1000.0,3993.4
2021-05,,Packets (5kg - 10kg),1300.0,2325.95
2021-05,,Sub Total,174130.44,2224.15
2021-05,Instant,Packets (>3kg),168883.0,1941.32
2021-05,,Packets (4g - 1kg),76.0,622.79
2021-05,,Sub Total,168959.0,1940.73
2021-05,,Total Exports (Without RTD),22961057.72,896.68
2021-05,,,23788241.23,916.47
2021-06,Black,Bags,1812655.69,1652.97
2021-06,,Bulk,11864133.77,788.12
2021-06,,Packets (4g - 1kg),7442769.87,927.59
2021-06,,Packets (1kg - 3kg),152474.08,780.37
2021-06,,Packets (3kg - 5kg),1315211.04,782.02
2021-06,,Packets (5kg - 10kg),2922887.4,725.01
2021-06,,Sub Total,25510131.85,882.67
2021-06,Green,Bags,78940.73,2949.86
2021-06,,Bulk,35158.16,980.11
2021-06,,Packets (4g - 1kg),73505.22,1811.68
2021-06,,Packets (3kg - 5kg),20.0,2211.5
2021-06,,Packets (5kg - 10kg),780.0,1629.63
2021-06,,Sub Total,188404.11,2132.68
2021-06,Instant,Packets (>3kg),346308.0,1742.69
2021-06,,Sub Total,346308.0,1742.69
2021-06,,Total Exports (Without RTD),26044843.96,903.15
2021-06,,,26993854.02,917.25
2021-07,Black,Bags,1691492.71,1771.84
2021-07,,Bulk,11669547.61,755.99
2021-07,,Packets (4g - 1kg),6044944.03,907.67
2021-07,,Packets (1kg - 3kg),173594.92,779.01
2021-07,,Packets (3kg - 5kg),1320982.86,863.76
2021-07,,Packets (5kg - 10kg),3401948.5,682.92
2021-07,,Sub Total,24302510.63,860.21
2021-07,Green,Bags,81069.97,3610.81
2021-07,,Bulk,63489.0,1156.45
2021-07,,Packets (4g - 1kg),88219.42,1482.48
2021-07,,Packets (3kg - 5kg),108.5,1947.98
2021-07,,Packets (5kg - 10kg),1500.0,1817.89
2021-07,,Sub Total,234386.89,2132.68
2021-07,Instant,Packets (>3kg),233076.79,1775.88
2021-07,,Sub Total,233076.79,1775.88
2021-07,,Total Exports (Without RTD),24769974.31,880.87
2021-07,,,25541932.4,901.35
2021-08,Black,Bags,1579170.7,1790.47
2021-08,,Bulk,12159944.83,763.8
2021-08,,Packets (4g - 1kg),6425339.73,922.73
2021-08,,Packets (1kg - 3kg),162812.74,797.65
2021-08,,Packets (3kg - 5kg),1380420.0,820.97
2021-08,,Packets (5kg - 10kg),2556004.0,720.66
2021-08,,Sub Total,24263692.0,871.64
2021-08,Green,Bags,78215.08,3749.93
2021-08,,Bulk,48583.0,1132.05
2021-08,,Packets (4g - 1kg),83567.44,1605.2
2021-08,,Packets (3kg - 5kg),14.0,2608.71
2021-08,,Packets (5kg - 10kg),420.0,1374.77
2021-08,,Sub Total,210799.52,2291.54
2021-08,Instant,Packets (>3kg),255745.0,1661.63
2021-08,,Packets (4g - 1kg),214.96,1477.12
2021-08,,Sub Total,255959.96,1661.47
2021-08,,Total Exports (Without RTD),24730451.48,891.92
2021-08,,,25546809.41,916.59
2021-09,Black,Bags,1374566.06,1762.54
2021-09,,Bulk,10334772.58,750.51
2021-09,,Packets (4g - 1kg),6294430.9,902.47
2021-09,,Packets (1kg - 3kg),114069.3,817.07
2021-09,,Packets (3kg - 5kg),1389083.16,840.44
2021-09,,Packets (5kg - 10kg),2770201.0,694.55
2021-09,,Sub Total,22277123.0,854.88
2021-09,Green,Bags,51467.98,3870.99
2021-09,,Bulk,26125.56,1665.07
2021-09,,Packets (4g - 1kg),74090.48,1974.18
2021-09,,Packets (3kg - 5kg),40.0,1555.1
2021-09,,Packets (5kg - 10kg),15575.0,850.77
2021-09,,Sub Total,167299.02,2404.76
2021-09,Instant,Packets (>3kg),175611.8,1787.3
2021-09,,Sub Total,175611.8,1787.3
2021-09,,Total Exports (Without RTD),22620033.82,873.58
2021-09,,,23423501.98,897.84
2021-10,Black,Bags,1595032.72,1744.1
2021-10,,Bulk,10150826.72,764.15
2021-10,,Packets (4g - 1kg),6362062.02,913.14
2021-10,,Packets (1kg - 3kg),250678.97,716.49
2021-10,,Packets (3kg - 5kg),1654677.24,803.05
2021-10,,Packets (5kg - 10kg),3086017.54,681.17
2021-10,,Sub Total,23099295.21,864.04
2021-10,Green,Bags,84173.22,3437.56
2021-10,,Bulk,24810.92,1135.91
2021-10,,Packets (4g - 1kg),113046.04,1721.81
2021-10,,Packets (1kg - 3kg),408.0,1843.41
2021-10,,Packets (3kg - 5kg),100.0,1420.99
2021-10,,Packets (5kg - 10kg),4380.0,2328.51
2021-10,,Sub Total,226918.18,2305.99
2021-10,Instant,Packets (>3kg),264149.6,1752.93
2021-10,,Packets (4g - 1kg),0.5,394.0
2021-10,,Sub Total,264150.1,1752.93
2021-10,,Total Exports (Without RTD),23590363.49,887.86
2021-10,,,24338334.9,905.01
2021-11,Black,Bags,1834724.38,1729.92
2021-11,,Bulk,9897696.95,780.97
2021-11,,Packets (4g - 1kg),7157226.01,928.74
2021-11,,Packets (1kg - 3kg),329770.03,802.75
2021-11,,Packets (3kg - 5kg),1512297.64,843.93
2021-11,,Packets (5kg - 10kg),3760301.5,655.33
2021-11,,Sub Total,24492016.51,880.13
2021-11,Green,Bags,70905.03,3499.22
2021-11,,Bulk,29825.22,1150.27
2021-11,,Packets (4g - 1kg),102344.27,1861.97
2021-11,,Packets (1kg - 3kg),805.0,2673.64
2021-11,,Packets (3kg - 5kg),50.0,7689.9
2021-11,,Packets (5kg - 10kg),3665.0,2456.95
2021-11,,Sub Total,207594.52,2333.99
2021-11,Instant,Packets (>3kg),233452.3,1684.41
2021-11,,Sub Total,233452.3,1684.41
2021-11,,Total Exports (Without RTD),24933063.33,899.77
2021-11,RTD,RTD ( Liters ),220.0,900.58
2021-11,,Sub Total,220.0,900.58
2021-11,,,25870115.18,917.96
2021-12,Black,Bags,1896603.14,1717.04
2021-12,,Bulk,10362338.79,767.09
2021-12,,Packets (4g - 1kg),5873569.01,929.7
2021-12,,Packets (1kg - 3kg),334105.63,746.72
2021-12,,Packets (3kg - 5kg),1118139.78,880.04
2021-12,,Packets (5kg - 10kg),3226605.5,668.25
2021-12,,Sub Total,22811361.85,879.2
2021-12,Green,Bags,74380.5,3656.42
2021-12,,Bulk,45552.0,1046.79
2021-12,,Packets (4g - 1kg),83315.51,1821.99
2021-12,,Packets (1kg - 3kg),531.0,2126.65
2021-12,,Packets (3kg - 5kg),12.0,203.0
2021-12,,Packets (5kg - 10kg),3384.0,1543.07
2021-12,,Sub Total,207175.01,2306.28
2021-12,Instant,Packets (>3kg),300094.07,1627.18
2021-12,,Packets (4g - 1kg),75.12,642.08
2021-12,,Sub Total,300169.19,1626.93
2021-12,,Total Exports (Without RTD),23318706.05,901.5
2021-12,Grand Total (Without RTD),,24168291.87,921.89
2022-1,Black,Bags,1338819.24,1784.27
2022-1,,Bulk,8245497.85,798.76
2022-1,,Packets (4g - 1kg),5595974.3,947.52
2022-1,,Packets (1kg - 3kg),177793.59,807.09
2022-1,,Packets (3kg - 5kg),640200.0,816.42
2022-1,,Packets (5kg - 10kg),2435449.05,705.07
2022-1,,Sub Total,18433734.03,903.81
2022-1,Green,Bags,63215.31,3855.14
2022-1,,Bulk,22180.0,1123.19
2022-1,,Packets (4g - 1kg),75361.42,1865.42
2022-1,,Packets (1kg - 3kg),678.0,1828.21
2022-1,,Packets (3kg - 5kg),5.0,3753.4
2022-1,,Packets (5kg - 10kg),440.0,1882.9
2022-1,,Sub Total,161879.73,2540.67
2022-1,Instant,Packets (>3kg),178498.4,1580.49
2022-1,,Sub Total,178498.4,1580.49
2022-1,,Total Exports (Without RTD),18774112.16,924.36
2022-1,Grand Total (Without RTD),,19381990.9,948.24
2022-02,Black,Bags,1296518.93,1745.15
2022-02,,Bulk,9525915.18,853.71
2022-02,,Packets (4g - 1kg),5988051.73,963.66
2022-02,,Packets (1kg - 3kg),179551.75,832.97
2022-02,,Packets (3kg - 5kg),1086310.74,803.78
2022-02,,Packets (5kg - 10kg),2073265.5,726.43
2022-02,,Sub Total,20149613.83,927.77
2022-02,Green,Bags,41747.56,3672.08
2022-02,,Bulk,28941.0,1212.65
2022-02,,Packets (4g - 1kg),63834.35,2040.99
2022-02,,Packets (1kg - 3kg),762.0,1849.29
2022-02,,Packets (3kg - 5kg),850.0,818.65
2022-02,,Packets (5kg - 10kg),1082.48,3016.35
2022-02,,Sub Total,137217.39,2361.59
2022-02,Instant,Packets (>3kg),240622.1,1798.42
2022-02,,Sub Total,240622.1,1798.42
2022-02,,Total Exports (Without RTD),20527453.32,947.56
2022-02,Grand Total (Without RTD),,21145131.62,962.27
2022-03,Black,Bags,1777488.78,1785.4
2022-03,,Bulk,9306317.6,913.16
2022-03,,Packets (4g - 1kg),6200960.13,1056.63
2022-03,,Packets (1kg - 3kg),306990.63,882.29
2022-03,,Packets (3kg - 5kg),1109314.12,920.28
2022-03,,Packets (5kg - 10kg),3327773.25,815.81
2022-03,,Sub Total,22028844.51,1009.15
2022-03,Green,Bags,61057.67,4015.53
2022-03,,Bulk,16505.0,1311.64
2022-03,,Packets (4g - 1kg),39370.76,2051.86
2022-03,,Packets (1kg - 3kg),240.0,2418.61
2022-03,,Packets (3kg - 5kg),5.0,2017.8
2022-03,,Packets (5kg - 10kg),710.0,2040.59
2022-03,,Sub Total,117888.43,2965.94
2022-03,Instant,Packets (>3kg),204944.8,1796.52
2022-03,,Sub Total,204944.8,1796.52
2022-03,,Total Exports (Without RTD),22351677.74,1026.69
2022-03,Grand Total (Without RTD),,23173983.28,1045.14
2022-04,Black,Bags,1456515.88,2461.97
2022-04,,Bulk,8288125.55,1219.94
2022-04,,Packets (4g - 1kg),4716012.67,1412.2
2022-04,,Packets (1kg - 3kg),229366.6,1139.47
2022-04,,Packets (3kg - 5kg),902518.64,1186.25
2022-04,,Packets (5kg - 10kg),1817632.0,1048.99
2022-04,,Sub Total,17410171.34,1355.27
2022-04,Green,Bags,46410.42,4709.11
2022-04,,Bulk,21441.12,1652.59
2022-04,,Packets (4g - 1kg),46559.08,2734.9
2022-04,,Packets (1kg - 3kg),1155.0,2083.67
2022-04,,Packets (5kg - 10kg),600.0,3228.48
2022-04,,Sub Total,116165.62,3319.94
2022-04,Instant,Packets (>3kg),154002.6,2331.59
2022-04,,Sub Total,154002.6,2331.59
2022-04,,Total Exports (Without RTD),17680339.56,1376.68
2022-04,Grand Total (Without RTD),,18295866.41,1404.51
2022-05,Black,Bags,1459561.36,2897.59
2022-05,,Bulk,7840765.74,1521.92
2022-05,,Packets (4g - 1kg),5955275.87,1653.16
2022-05,,Packets (1kg - 3kg),147169.15,1911.06
2022-05,,Packets (3kg - 5kg),903716.44,1526.53
2022-05,,Packets (5kg - 10kg),2304215.12,1291.9
2022-05,,Sub Total,18610703.68,1646.62
2022-05,Green,Bags,62680.25,5970.15
2022-05,,Bulk,25776.48,2170.27
2022-05,,Packets (4g - 1kg),73292.25,2565.35
2022-05,,Packets (3kg - 5kg),350.0,841.29
2022-05,,Packets (5kg - 10kg),400.0,1784.46
2022-05,,Sub Total,162498.98,3810.37
2022-05,Instant,Packets (>3kg),254631.1,2707.14
2022-05,,Sub Total,254631.1,2707.14
2022-05,,Total Exports (Without RTD),19027833.76,1679.29
2022-05,Grand Total (Without RTD),,19721888.8,1705.14
2022-06,Black,Bags,1660334.64,3137.32
2022-06,,Bulk,10094103.67,1516.61
2022-06,,Packets (4g - 1kg),7002072.46,1770.22
2022-06,,Packets (1kg - 3kg),305719.88,1741.17
2022-06,,Packets (3kg - 5kg),867571.04,1623.07
2022-06,,Packets (5kg - 10kg),2370249.5,1377.22
2022-06,,Sub Total,22300051.19,1709.32
2022-06,Green,Bags,76208.2,6403.48
2022-06,,Bulk,33510.68,1868.53
2022-06,,Packets (4g - 1kg),82339.1,3148.13
2022-06,,Packets (1kg - 3kg),1455.0,3087.06
2022-06,,Packets (5kg - 10kg),14837.0,924.81
2022-06,,Sub Total,208349.98,3974.28
2022-06,Instant,Packets (>3kg),204398.2,2869.01
2022-06,,Sub Total,204398.2,2869.01
2022-06,,Total Exports (Without RTD),22712799.37,1740.53
2022-06,Grand Total (Without RTD),,23558185.94,1779.56
2022-07,Black,Bags,1652226.85,3152.9
2022-07,,Bulk,9767287.04,1613.31
2022-07,,Packets (4g - 1kg),6771960.68,1839.3
2022-07,,Packets (1kg - 3kg),83080.96,1357.44
2022-07,,Packets (3kg - 5kg),759867.52,1765.49
2022-07,,Packets (5kg - 10kg),2626594.0,1476.1
2022-07,,Sub Total,21661017.05,1789.11
2022-07,Green,Bags,56232.9,8772.05
2022-07,,Bulk,17215.0,2241.44
2022-07,,Packets (4g - 1kg),68889.79,3320.86
2022-07,,Packets (5kg - 10kg),123.0,4185.17
2022-07,,Sub Total,142470.69,5342.75
2022-07,,Packets (>3kg),266646.8,2842.4
2022-07,Instant,Packets (4g - 1kg),0.2,1470.0
2022-07,,Sub Total,266647.0,2842.4
2022-07,,Total Exports (Without RTD),22070134.74,1824.78
2022-07,Grand Total (Without RTD),,22756465.99,1863.74
2022-08,Black,Bags,1538250.83,3267.5
2022-08,,Bulk,10676413.68,1741.23
2022-08,,Packets (4g - 1kg),5462277.99,1925.49
2022-08,,Packets (1kg - 3kg),292897.76,1625.12
2022-08,,Packets (3kg - 5kg),992937.04,1721.81
2022-08,,Packets (5kg - 10kg),2829119.6,1594.09
2022-08,,Sub Total,21791896.9,1873.6
2022-08,Green,Bags,75015.15,6916.49
2022-08,,Bulk,35019.36,2291.47
2022-08,,Packets (4g - 1kg),82915.13,3123.15
2022-08,,Packets (1kg - 3kg),1000.0,2564.9
2022-08,,Packets (3kg - 5kg),5320.0,1922.1
2022-08,,Packets (5kg - 10kg),1743.0,4285.43
2022-08,,Sub Total,201012.64,4369.39
2022-08,Instant,Packets (>3kg),221718.0,2748.85
2022-08,,Packets (4g - 1kg),0.2,735.0
2022-08,,Sub Total,221718.2,2748.84
2022-08,,Total Exports (Without RTD),22214627.74,1904.92
2022-08,Grand Total (Without RTD),,23009508.43,1951.82
2022-09,Black,Bags,1424140.43,3549.33
2022-09,,Bulk,9638663.37,1752.82
2022-09,,Packets (4g - 1kg),5662422.28,1900.49
2022-09,,Packets (1kg - 3kg),357257.87,1619.39
2022-09,,Packets (3kg - 5kg),1035590.84,1914.04
2022-09,,Packets (5kg - 10kg),2134653.0,1639.69
2022-09,,Sub Total,20252727.79,1914.4
2022-09,Green,Bags,64073.94,6255.37
2022-09,,Bulk,14517.32,2630.11
2022-09,,Packets (3kg - 5kg),20.0,3097.25
2022-09,,Packets (5kg - 10kg),130.0,3115.05
2022-09,,Sub Total,151378.73,4594.54
2022-09,Instant,Bags,18.2,2200.82
2022-09,,Packets (4g - 1kg),275.5,2025.07
2022-09,,Packets (>3kg),379880.1,2920.69
2022-09,,Sub Total,380173.8,2920.01
2022-09,,Total Exports (Without RTD),20784280.32,1952.32
2022-09,RTD,RTD ( Liters ),360.0,561.03
2022-09,,Sub Total,360.0,561.03
2022-09,Grand Total (Without RTD),,21544895.0,1981.63
2022-10,Black,Bags,1450504.67,3467.33
2022-10,,Bulk,8565899.3,1826.5
2022-10,,Packets (4g - 1kg),5115166.36,2053.85
2022-10,,Packets (1kg - 3kg),181740.0,2053.56
2022-10,,Packets (3kg - 5kg),960816.0,1887.53
2022-10,,Packets (5kg - 10kg),1591814.5,1551.63
2022-10,,Sub Total,17865940.83,2005.91
2022-10,Green,Bags,59323.73,7168.77
2022-10,,Bulk,22439.0,2264.81
2022-10,,Packets (4g - 1kg),64780.26,3569.14
2022-10,,Packets (1kg - 3kg),1722.0,3062.79
2022-10,,Packets (3kg - 5kg),255.0,2300.63
2022-10,,Packets (5kg - 10kg),2550.0,2891.81
2022-10,,Sub Total,151069.99,4769.6
2022-10,Instant,Packets (>3kg),296374.7,3094.51
2022-10,,Sub Total,296374.7,3094.51
2022-10,,Total Exports (Without RTD),18313385.52,2046.32
2022-10,RTD,RTD ( Liters ),340.0,4438.92
2022-10,,Sub Total,340.0,4438.92
2022-10,,,19002112.89,2077.46
2022-11,Black,Bags,1436101.11,3261.52
2022-11,,Bulk,8485155.56,1739.27
2022-11,,Packets (4g - 1kg),5642009.98,1963.9
2022-11,,Packets (1kg - 3kg),147794.73,1598.9
2022-11,,Packets (3kg - 5kg),600016.0,1992.3
2022-11,,Packets (5kg - 10kg),1816317.32,1587.5
2022-11,,Sub Total,18127394.7,1921.81
2022-11,Green,Bags,53644.48,6926.98
2022-11,,Bulk,43165.0,2149.87
2022-11,,Packets (4g - 1kg),55520.27,3497.7
2022-11,,Packets (5kg - 10kg),1100.0,2024.31
2022-11,,Sub Total,153429.75,4306.94
2022-11,Instant,Packets (>3kg),261105.4,3210.97
2022-11,,Packets (4g - 1kg),0.8,742.5
2022-11,,Sub Total,261106.2,3210.96
2022-11,,Total Exports (Without RTD),18541930.65,1959.7
2022-11,RTD,RTD ( Liters ),24.0,656.75
2022-11,,Sub Total,24.0,656.75
2022-11,,,19276871.85,1992.05
2022-12,Black,Bags,1366104.31,3269.31
2022-12,,Bulk,8892323.92,1761.18
2022-12,,Packets (4g - 1kg),5252857.67,2070.12
2022-12,,Packets (1kg - 3kg),109837.6,1937.06
2022-12,,Packets (3kg - 5kg),637298.5,1944.94
2022-12,,Packets (5kg - 10kg),1879840.85,1485.23
2022-12,,Sub Total,18138262.85,1943.16
2022-12,Green,Bags,59011.14,5739.82
2022-12,,Bulk,35844.0,2219.39
2022-12,,Packets (4g - 1kg),49849.58,3585.77
2022-12,,Packets (1kg - 3kg),2895.0,3010.63
2022-12,,Packets (3kg - 5kg),1004.0,7906.92
2022-12,,Packets (5kg - 10kg),100.0,4808.24
2022-12,,Sub Total,148703.72,4130.02
2022-12,Instant,Bags,60.0,2787.9
2022-12,,Packets (>3kg),360660.5,3012.23
2022-12,,Packets (4g - 1kg),0.2,745.0
2022-12,,Sub Total,360720.7,3012.19
2022-12,,Total Exports (Without RTD),18647687.27,1981.28
2022-12,,RTD ( Liters ),4033.0,752.76
2022-12,,Sub Total,4033.0,752.76
2022-12,Grand Total (Without RTD),,19304437.75,2018.54
2023-01,Black,Bags,1308927.43,3335.43
2023-01,,Bulk,7416264.78,1775.21
2023-01,,Packets (4g - 1kg),5267446.47,2060.13
2023-01,,Packets (1kg - 3kg),160587.47,1892.46
2023-01,,Packets (3kg - 5kg),577259.04,2155.64
2023-01,,Packets (5kg - 10kg),1650799.81,1598.45
2023-01,,Sub Total,16381285.0,1988.24
2023-01,Green,Bags,77639.02,4709.55
2023-01,,Bulk,27623.0,1997.56
2023-01,,Packets (4g - 1kg),62128.95,3528.19
2023-01,,Packets (3kg - 5kg),1030.0,1666.49
2023-01,,Packets (5kg - 10kg),535.0,3260.12
2023-01,,Sub Total,168955.97,3808.6
2023-01,Instant,Packets (>3kg),230742.0,3605.24
2023-01,,Sub Total,230742.0,3605.24
2023-01,,Total Exports (Without RTD),16780982.97,2028.8
2023-01,RTD,RTD ( Liters ),33.6,1105.33
2023-01,,Sub Total,33.6,1105.33
2023-01,Grand Total (Without RTD),,17556058.75,2055.34
2023-02,Black,Bags,1558860.21,3230.81
2023-02,,Bulk,7237717.53,1721.27
2023-02,,Packets (4g - 1kg),6135900.49,2026.03
2023-02,,Packets (1kg - 3kg),91754.86,2124.83
2023-02,,Packets (3kg - 5kg),840010.08,2005.38
2023-02,,Packets (5kg - 10kg),1430862.44,1464.38
2023-02,,Sub Total,17295105.61,1960.14
2023-02,Green,Bags,79919.94,5700.87
2023-02,,Bulk,26499.0,2436.36
2023-02,,Packets (4g - 1kg),52708.73,3577.02
2023-02,,Packets (1kg - 3kg),200.0,5977.6
2023-02,,Sub Total,159327.67,4455.66
2023-02,Instant,Packets (>3kg),231210.0,4311.46
2023-02,,Sub Total,231210.0,4311.46
2023-02,,Total Exports (Without RTD),17685643.28,2013.36
2023-02,RTD,RTD ( Liters ),90.0,1481.41
2023-02,,Sub Total,90.0,1481.41
2023-02,Grand Total (Without RTD),,18551522.63,2040.25
2023-03,Black,Bags,1872948.01,3178.53
2023-03,,Bulk,7396007.27,1643.97
2023-03,,Packets (4g - 1kg),5607559.59,1955.66
2023-03,,Packets (1kg - 3kg),141024.6,2123.28
2023-03,,Packets (3kg - 5kg),755545.37,1928.43
2023-03,,Packets (5kg - 10kg),1104585.5,1651.81
2023-03,,Sub Total,16877670.34,1935.08
2023-03,Green,Bags,62916.55,6474.37
2023-03,,Bulk,30891.0,2243.86
2023-03,,Packets (4g - 1kg),95286.26,3121.62
2023-03,,Packets (5kg - 10kg),275.0,5738.67
2023-03,,Sub Total,189368.81,4096.16
2023-03,Instant,Packets (4g - 1kg),1.0,4851.0
2023-03,,Packets (>3kg),315858.3,3537.98
2023-03,,Sub Total,315859.3,3537.98
2023-03,,Total Exports (Without RTD),17382898.45,1987.75
2023-03,RTD,RTD ( Liters ),6193.2,571.63
2023-03,,Sub Total,6193.2,571.63
2023-03,Grand Total (Without RTD),,17975754.13,2018.87
2023-04,Black,Bags,1414763.98,2962.85
2023-04,,Bulk,7190816.79,1560.33
2023-04,,Packets (4g - 1kg),4954168.73,1848.22
2023-04,,Packets (1kg - 3kg),50059.52,1966.27
2023-04,,Packets (3kg - 5kg),347647.68,1996.77
2023-04,,Packets (5kg - 10kg),1078075.0,1518.61
2023-04,,Sub Total,15035531.7,1795.61
2023-04,Green,Bags,64674.59,5093.4
2023-04,,Bulk,20335.0,1894.06
2023-04,,Packets (4g - 1kg),63918.57,3202.31
2023-04,,Packets (5kg - 10kg),1650.0,3980.03
2023-04,,Sub Total,150578.16,3846.4
2023-04,Instant,Packets (>3kg),92043.2,3670.19
2023-04,,Packets (4g - 1kg),0.6,1318.33
2023-04,,Sub Total,92043.8,3670.17
2023-04,,Total Exports (Without RTD),15278153.66,1827.11
2023-04,,,16168054.82,1856.62
2023-05,Black,Bags,1491461.11,2977.51
2023-05,,Bulk,8302374.12,1505.96
2023-05,,Packets (4g - 1kg),6142502.13,1712.26
2023-05,,Packets (1kg - 3kg),217946.64,1837.73
2023-05,,Packets (3kg - 5kg),689320.92,1809.21
2023-05,,Packets (5kg - 10kg),1861798.3,1271.74
2023-05,,Sub Total,18705403.22,1682.77
2023-05,Green,Bags,75262.28,5771.4
2023-05,,Bulk,48825.0,2173.66
2023-05,,Packets (4g - 1kg),78381.0,3142.47
2023-05,,Packets (5kg - 10kg),83.0,4160.9
2023-05,,Sub Total,202551.28,3886.19
2023-05,Instant,Packets (>3kg),368021.57,3202.09
2023-05,,Sub Total,368021.57,3202.09
2023-05,,Total Exports (Without RTD),19275976.07,1734.93
2023-05,RTD,RTD ( Liters ),23501.0,549.32
2023-05,,Sub Total,23501.0,549.32
2023-05,Grand Total (Without RTD),,20552391.17,1755.58
2023-06,Black,Bags,1305023.75,2860.37
2023-06,,Bulk,9361052.0,1336.82
2023-06,,Packets (4g - 1kg),6334636.78,1572.81
2023-06,,Packets (1kg - 3kg),122552.2,1836.42
2023-06,,Packets (3kg - 5kg),921468.0,1578.16
2023-06,,Packets (5kg - 10kg),2222902.0,1130.81
2023-06,,Sub Total,20267634.73,1500.08
2023-06,Green,Bags,55259.25,5776.07
2023-06,,Bulk,36646.52,2059.94
2023-06,,Packets (4g - 1kg),96405.11,2763.81
2023-06,,Packets (1kg - 3kg),1.2,2782.5
2023-06,,Packets (5kg - 10kg),855.0,2105.31
2023-06,,Sub Total,189167.08,3504.42
2023-06,Instant,Packets (>3kg),288385.84,2981.5
2023-06,,Sub Total,288385.84,2981.5
2023-06,,Total Exports (Without RTD),20745187.65,1538.95
2023-06,Grand Total (Without RTD),,21414178.41,1568.97
2023-07,Black,Bags,1630081.18,2841.49
2023-07,,Bulk,10312978.12,1372.93
2023-07,,Packets (4g - 1kg),6418287.35,1617.04
2023-07,,Packets (1kg - 3kg),108662.71,1927.65
2023-07,,Packets (3kg - 5kg),1150047.74,1584.84
2023-07,,Packets (5kg - 10kg),2066572.0,1132.45
2023-07,,Sub Total,21686629.1,1546.66
2023-07,Green,Bags,60857.58,5949.7
2023-07,,Bulk,58559.84,2258.77
2023-07,,Packets (4g - 1kg),51824.17,3213.99
2023-07,,Packets (3kg - 5kg),25.0,5586.12
2023-07,,Packets (5kg - 10kg),505.0,4290.01
2023-07,,Sub Total,171771.59,3861.09
2023-07,Instant,Packets (>3kg),80158.7,3200.19
2023-07,,Sub Total,80158.7,3200.19
2023-07,,Total Exports (Without RTD),21938559.39,1570.83
2023-07,RTD,RTD ( Liters ),145.2,316.78
2023-07,,Sub Total,145.2,316.78
2023-07,Grand Total (Without RTD),,22771096.04,1615.31
2023-08,Black,Bags,1505037.86,3021.72
2023-08,,Bulk,9518821.41,1400.09
2023-08,,Packets (4g - 1kg),7149685.59,1628.88
2023-08,,Packets (1kg - 3kg),226421.8,1719.67
2023-08,,Packets (3kg - 5kg),1196808.32,1568.49
2023-08,,Packets (5kg - 10kg),2633081.0,1187.87
2023-08,,Sub Total,22229855.98,1570.65
2023-08,Green,Bags,60223.98,7232.97
2023-08,,Bulk,22111.0,2402.73
2023-08,,Packets (4g - 1kg),47400.05,3471.8
2023-08,,Packets (1Kg-3Kg),1164.0,2624.72
2023-08,,Packets (5kg - 10kg),4900.0,2192.33
2023-08,,Sub Total,135799.03,4912.3
2023-08,Instant,Packets (>3kg),102157.0,3248.75
2023-08,,Packets (4g-1Kg),0.2,660.0
2023-08,,Sub Total,102157.2,3248.74
2023-08,,Total Exports (Without RTD),22467812.21,1598.47
2023-08,RTD,RTD ( Liters ),1989.56,606.28
2023-08,,Sub Total,1989.56,606.28
2023-08,Grand Total (Without RTD),,23332136.82,1648.85
2023-09,Black,Bags,1485057.72,3069.23
2023-09,,Bulk,9410576.83,1433.01
2023-09,,Packets (4g - 1kg),6910070.83,1651.56
2023-09,,Packets (1kg - 3kg),262817.67,1727.53
2023-09,,Packets (3kg - 5kg),1403813.52,1722.66
2023-09,,Packets (5kg - 10kg),2433326.09,1182.88
2023-09,,Sub Total,21905662.66,1607.19
2023-09,Green,Bags,59595.95,6537.89
2023-09,,Bulk,21630.0,1889.54
2023-09,,Packets (4g - 1kg),42181.32,3836.4
2023-09,,Packets (3Kg-5Kg),254.0,3017.41
2023-09,,Packets (5kg - 10kg),1640.0,3171.34
2023-09,,Sub Total,125301.27,4774.85
2023-09,Instant,Packets (>3kg),102241.8,3723.28
2023-09,,Packets (4g-1Kg),12.64,1131.41
2023-09,,Sub Total,102254.44,3722.96
2023-09,,Total Exports (Without RTD),22133218.37,1634.89
2023-09,RTD,RTD ( Liters ),162.15,724.17
2023-09,,Sub Total,162.15,724.17
2023-09,Grand Total (Without RTD),,23165486.85,1671.39
2023-10,Black,Bags,1496083.45,2928.97
2023-10,,Bulk,7567054.5,1428.32
2023-10,,Packets (4g - 1kg),5404724.81,1681.22
2023-10,,Packets (1kg - 3kg),188269.78,1786.09
2023-10,,Packets (3kg - 5kg),945413.0,1752.56
2023-10,,Packets (5kg - 10kg),1646224.18,1325.89
2023-10,,Sub Total,17247769.72,1649.64
2023-10,Green,Bags,75409.81,4589.69
2023-10,,Bulk,36930.0,1728.14
2023-10,,Packets (4g - 1kg),70276.57,3477.35
2023-10,,Packets (1kg - 3kg),2748.0,1690.6
2023-10,,Packets (5kg - 10kg),230.0,1971.63
2023-10,,Sub Total,185594.38,3552.93
2023-10,Instant,Packets (>3kg),33806.0,3707.12
2023-10,,Packets (4g-1Kg),0.2,660.0
2023-10,,Sub Total,33806.2,3707.11
2023-10,,Total Exports (Without RTD),17467170.3,1673.84
2023-10,RTD,RTD ( Liters ),100.2,806.55
2023-10,,Sub Total,100.2,806.55
2023-10,Grand Total (Without RTD),,18211600.09,1705.24
2023-11,Black,Bags,1698884.7,3013.6
2023-11,,Bulk,8910245.68,1388.88
2023-11,,Packets (4g - 1kg),6301782.32,1615.96
2023-11,,Packets (1kg - 3kg),194915.95,2066.93
2023-11,,Packets (3kg - 5kg),1030158.66,1662.42
2023-11,,Packets (5kg - 10kg),1480495.0,1315.99
2023-11,,Sub Total,19616482.31,1618.14
2023-11,Green,Bags,67480.05,5346.05
2023-11,,Bulk,21205.36,2458.06
2023-11,,Packets (1kg - 3kg),300.0,3498.66
2023-11,,Packets (3kg - 5kg),5.0,5312.2
2023-11,,Packets (4g - 1kg),66773.79,3704.39
2023-11,,Packets (5kg - 10kg),800.0,2129.85
2023-11,,Sub Total,156564.2,4234.76
2023-11,Instant,Packets (>3kg),637933.8,3311.25
2023-11,,Sub Total,637933.8,3311.25
2023-11,,Total Exports (Without RTD),20410980.31,1691.13
2023-11,RTD,RTD ( Liters ),1360.8,591.28
2023-11,,Sub Total,1360.8,591.28
2023-11,Grand Total (Without RTD),,21460148.07,1725.77
2023-12,Black,Bags,1494850.56,3109.71
2023-12,,Bulk,8833837.0,1486.15
2023-12,,Packets (4g - 1kg),6110060.92,1677.47
2023-12,,Packets (1kg - 3kg),249669.59,1865.7
2023-12,,Packets (3kg - 5kg),986974.6,1724.45
2023-12,,Packets (5kg - 10kg),1830558.0,1365.34
2023-12,,Sub Total,19505950.67,1676.08
2023-12,Green,Bags,63982.54,5474.81
2023-12,,Bulk,21039.48,1527.57
2023-12,,Packets (4g - 1kg),63349.47,3469.39
2023-12,,Packets (1kg - 3kg),3195.0,1575.21
2023-12,,Packets (3kg - 5kg),14.0,5141.36
2023-12,,Packets (5kg - 10kg),612.0,3125.18
2023-12,,Sub Total,152192.49,4003.04
2023-12,Instant,Packets (>3kg),235120.0,3125.29
2023-12,,Bags,120.0,4972.56
2023-12,,Sub Total,235240.0,3126.24
2023-12,,Total Exports (Without RTD),19893383.16,1711.03
2023-12,RTD,RTD ( Liters ),4032.0,750.93
2023-12,,Sub Total,4032.0,750.93
2023-12,Grand Total (Without RTD),,20754276.81,1749.4